{
  "welcome": {
    "channelId": "1436487788760535143",
    "messageId": "1444321064430731356"
  },
  "stats": {
    "aiRequests": 170
  },
  "anonLogs": [
    {
      "timestamp": "2025-11-22T21:39:36.413Z",
      "fromId": "927696065476567090",
      "fromTag": "a.viht#0",
      "toId": "1314301660654338128",
      "toTag": "naya_bay#0",
      "content": "Ты кто",
      "delivered": true
    },
    {
      "timestamp": "2025-11-22T21:40:07.791Z",
      "fromId": "927696065476567090",
      "fromTag": "a.viht#0",
      "toId": "927696065476567090",
      "toTag": "a.viht#0",
      "content": "logs",
      "delivered": true
    }
  ],
  "aiPersona": {
    "tone": "aggressive",
    "verbosity": "brief"
  },
  "rulesPosted": {
    "channelId": "1436487842334507058",
    "postedAt": 1764006274682
  },
  "testVpnIp": "194.113.153.95",
  "tickets": [
    {
      "id": "t_1764007768484",
      "threadId": "1442577879904026626",
      "channelId": "1442575929044897792",
      "creatorId": "927696065476567090",
      "subject": "ПРОБЛЕМА С ПОДКЛЮЧЕНИЕМ",
      "message": "Привет тестовое сообщение",
      "status": "closed",
      "createdAt": "2025-11-24T18:09:28.484Z",
      "closedAt": "2025-11-24T19:31:36.043Z"
    },
    {
      "id": "t_1764008092643",
      "threadId": "1442579233468579993",
      "channelId": "1442575929044897792",
      "creatorId": "927696065476567090",
      "subject": "Привет",
      "message": "123",
      "status": "closed",
      "createdAt": "2025-11-24T18:14:52.643Z",
      "closedAt": "2025-11-24T18:55:48.102Z"
    },
    {
      "id": "t_1764008173916",
      "threadId": "1442579572984909982",
      "channelId": "1442575929044897792",
      "creatorId": "1314326276474933368",
      "subject": "Ты меня не любишь",
      "message": "Меня нужно любить, кормить и не кому не отдавать",
      "status": "closed",
      "createdAt": "2025-11-24T18:16:13.916Z",
      "closedAt": "2025-11-24T18:53:53.429Z"
    },
    {
      "id": "t_1764008190467",
      "threadId": "1442579642601963682",
      "channelId": "1442575929044897792",
      "creatorId": "1314301660654338128",
      "subject": "Очка",
      "message": "Ля ля ядя ля ядялял",
      "status": "closed",
      "createdAt": "2025-11-24T18:16:30.467Z",
      "closedAt": "2025-11-24T18:55:35.200Z"
    },
    {
      "id": "t_1764015875677",
      "threadId": "1442611878613352720",
      "channelId": "1442575929044897792",
      "creatorId": "927696065476567090",
      "subject": "123",
      "message": "123123",
      "status": "closed",
      "createdAt": "2025-11-24T20:24:35.677Z",
      "closedAt": "2025-11-24T20:25:36.275Z"
    }
  ],
  "supportPanelPosted": {
    "channelId": "1442575929044897792",
    "messageId": "1444321070520991934",
    "postedAt": 1764423375391
  },
  "controlPanelPosted": {
    "channelId": "1443194196172476636",
    "messageId": "1444311129454018583",
    "postedAt": 1764421005261
  },
  "music": {
    "queues": {
      "1428051812103094282": []
    },
    "volumes": {
      "1428051812103094282": 1.4000000000000004
    }
  },
  "pricePanelPosted": {
    "channelId": "1443194062269321357",
    "messageId": "1444321075805814845",
    "postedAt": 1764423376552
  }
}