[
  { "id": "europaplus", "label": "Европа Плюс (ep128)", "url": "http://ep128.hostingradio.ru:8030/ep128" },
  { "id": "europaplus_top40", "label": "Европа Плюс (Top 40)", "url": "http://eptop128server.streamr.ru:8033/eptop128" },
  { "id": "anime", "label": "Anime Radio (AniSonFM)", "url": "http://pool.anison.fm:9000/AniSonFM(320)" },
  { "id": "dfm128", "label": "DFM 128", "url": "https://dfm.hostingradio.ru/dfm128.mp3" },
  { "id": "dacha", "label": "Радио Дача", "url": "http://listen.vdfm.ru:8000/dacha" },
  { "id": "dorozhnoe", "label": "Дорожное радио", "url": "http://dorognoe.hostingradio.ru:8000/dorognoe" },
  { "id": "mayak", "label": "Радио Маяк", "url": "http://icecast.vgtrk.cdnvideo.ru/mayakfm_mp3_192kbps" },
  { "id": "maximum", "label": "Радио Максимум", "url": "https://maximum.hostingradio.ru/maximum128.mp3" },
  { "id": "nashe", "label": "Наше Радио", "url": "http://nashe1.hostingradio.ru/nashe-128.mp3" },
  { "id": "loveis", "label": "Love Is Radio", "url": "http://listen1.myradio24.com:9000/3355" },
  { "id": "rusradio", "label": "Русское Радио", "url": "https://rusradio.hostingradio.ru/rusradio128.mp3" }
]
